<?xml version="1.0" encoding="utf-8"?>
<chummer>
	<gears>
		<gear>
			<name>Spinrad 720</name>
			<category>Odds and Ends</category>
			<rating>0</rating>
			<avail>12F</avail>
			<cost>4000</cost>
			<source>R4</source>
			<page>7</page>
		</gear>
		<gear>
			<name>California Condor</name>
			<category>Odds and Ends</category>
			<rating>0</rating>
			<avail>8R</avail>
			<cost>2000</cost>
			<source>R4</source>
			<page>7</page>
		</gear>
		<gear>
			<name>Hoverskates</name>
			<category>Odds and Ends</category>
			<rating>0</rating>
			<avail>4</avail>
			<cost>500</cost>
			<source>R4</source>
			<page>7</page>
		</gear>
		<gear>
			<name>Awesome Detector</name>
			<category>Sensors</category>
			<rating>0</rating>
			<capacity>0</capacity>
			<signal>0</signal>
			<avail>0</avail>
			<cost>0</cost>
			<source>R4</source>
			<page>18</page>
		</gear>
	</gears>
</chummer>