<?xml version="1.0" encoding="utf-8"?>
<chummer>
	<weapons>
		<weapon>
			<name>Colt M204 Underbarrel Grenade Launcher</name>
			<category>Grenade Launchers</category>
			<type>Ranged</type>
			<reach>0</reach>
			<damage>Grenade</damage>
			<ap>-</ap>
			<mode>SS</mode>
			<rc>0</rc>
			<ammo>3(cy)</ammo>
			<conceal>6</conceal>
			<avail>8FF</avail>
			<cost>750</cost>
			<allowaccessory>false</allowaccessory>
			<source>DH1</source>
			<page>11</page>
		</weapon>
		<weapon>
			<name>Enfield UB-12 Underbarrel Shotgun</name>
			<category>Shotguns</category>
			<type>Ranged</type>
			<reach>0</reach>
			<damage>7P</damage>
			<ap>-1</ap>
			<mode>SA</mode>
			<rc>0</rc>
			<ammo>3(m)</ammo>
			<conceal>6</conceal>
			<avail>7R</avail>
			<cost>600</cost>
			<allowaccessory>false</allowaccessory>
			<source>DH1</source>
			<page>11</page>
		</weapon>
	</weapons>
</chummer>