<?xml version="1.0" encoding="utf-8"?>
<chummer>
	<armors>
		<armor>
			<name>FAB2G Full Body Armor</name>
			<category>Armor</category>
			<b>8</b>
			<i>7</i>
			<armorcapacity>0</armorcapacity>
			<avail>22R</avail>
			<cost>14000</cost>
			<source>DH1</source>
			<page>11</page>
		</armor>
	</armors>
	<mods>
		<mod>
			<name>FAB2G Gel Patch Insert</name>
			<category>Full Body Armor</category>
			<b>-2</b>
			<i>-2</i>
			<maxrating>1</maxrating>
			<armorcapacity>[0]</armorcapacity>
			<avail>16R</avail>
			<cost>8000</cost>
			<source>DH1</source>
			<page>11</page>
		</mod>
	</mods>
</chummer>