<?xml version="1.0" encoding="utf-8"?>
<chummer>
	<categories>
		<category>Dracoforms</category>
	</categories>
	<metatypes>
		<metatype>
			<name>Eastern Dragon</name>
			<category>Dracoforms</category>
			<bp>325</bp>
			<bodmin>12</bodmin>
			<bodmax>24</bodmax>
			<bodaug>99</bodaug>
			<agimin>5</agimin>
			<agimax>12</agimax>
			<agiaug>99</agiaug>
			<reamin>5</reamin>
			<reamax>10</reamax>
			<reaaug>99</reaaug>
			<strmin>30</strmin>
			<strmax>40</strmax>
			<straug>99</straug>
			<chamin>5</chamin>
			<chamax>10</chamax>
			<chaaug>99</chaaug>
			<intmin>5</intmin>
			<intmax>10</intmax>
			<intaug>99</intaug>
			<logmin>5</logmin>
			<logmax>10</logmax>
			<logaug>99</logaug>
			<wilmin>5</wilmin>
			<wilmax>10</wilmax>
			<wilaug>99</wilaug>
			<inimin>10</inimin>
			<inimax>22</inimax>
			<iniaug>99</iniaug>
			<edgmin>1</edgmin>
			<edgmax>6</edgmax>
			<edgaug>6</edgaug>
			<magmin>6</magmin>
			<magmax>10</magmax>
			<magaug>10</magaug>
			<resmin>0</resmin>
			<resmax>0</resmax>
			<resaug>0</resaug>
			<essmin>0</essmin>
			<essmax>6</essmax>
			<essaug>6</essaug>
			<movement>10/50, Fly 30/100</movement>
			<qualities>
				<positive>
					<quality>Magician</quality>
				</positive>
			</qualities>
			<bonus>
				<enabletab>
					<name>critter</name>
				</enabletab>
				<initiativepass>1</initiativepass>
				<reach>2</reach>
			</bonus>
			<powers>
				<power>Dragonspeech</power>
				<power>Dual Natured</power>
				<power select="Fire">Elemental Attack</power>
				<power select="Smell, Low-Light Vision, Thermographic Vision, Wide-Band Hearing">Enhanced Senses</power>
				<power rating="8">Hardened Armor</power>
				<power rating="8">Mystic Armor</power>
				<power select="Bite/Claws: DV 10P, AP -2">Natural Weapon</power>
				<power>Sapience</power>
				<power>Animal Control</power>
				<power>Compulsion</power>
				<power>Corrosive Spit</power>
				<power>Fear</power>
				<power>Influence</power>
				<power>Noxious Breath</power>
				<power>Venom</power>
			</powers>
			<source>AFD</source>
			<page>18</page>
		</metatype>
		<metatype>
			<name>Feathered Serpent</name>
			<category>Dracoforms</category>
			<bp>300</bp>
			<bodmin>10</bodmin>
			<bodmax>22</bodmax>
			<bodaug>99</bodaug>
			<agimin>2</agimin>
			<agimax>10</agimax>
			<agiaug>99</agiaug>
			<reamin>5</reamin>
			<reamax>10</reamax>
			<reaaug>99</reaaug>
			<strmin>25</strmin>
			<strmax>35</strmax>
			<straug>99</straug>
			<chamin>5</chamin>
			<chamax>10</chamax>
			<chaaug>99</chaaug>
			<intmin>5</intmin>
			<intmax>10</intmax>
			<intaug>99</intaug>
			<logmin>5</logmin>
			<logmax>10</logmax>
			<logaug>99</logaug>
			<wilmin>5</wilmin>
			<wilmax>10</wilmax>
			<wilaug>99</wilaug>
			<inimin>7</inimin>
			<inimax>20</inimax>
			<iniaug>99</iniaug>
			<edgmin>1</edgmin>
			<edgmax>6</edgmax>
			<edgaug>6</edgaug>
			<magmin>6</magmin>
			<magmax>10</magmax>
			<magaug>10</magaug>
			<resmin>0</resmin>
			<resmax>0</resmax>
			<resaug>0</resaug>
			<essmin>0</essmin>
			<essmax>6</essmax>
			<essaug>6</essaug>
			<movement>10/50, Fly 30/100</movement>
			<qualities>
				<positive>
					<quality>Magician</quality>
				</positive>
			</qualities>
			<bonus>
				<enabletab>
					<name>critter</name>
				</enabletab>
				<initiativepass>1</initiativepass>
				<reach>2</reach>
			</bonus>
			<powers>
				<power>Dragonspeech</power>
				<power>Dual Natured</power>
				<power select="Fire">Elemental Attack</power>
				<power select="Smell, Low-Light Vision, Thermographic Vision, Wide-Band Hearing">Enhanced Senses</power>
				<power rating="8">Hardened Armor</power>
				<power rating="8">Mystic Armor</power>
				<power select="Bite/Claws: DV 10P, AP -2">Natural Weapon</power>
				<power>Sapience</power>
				<power>Animal Control</power>
				<power>Compulsion</power>
				<power>Corrosive Spit</power>
				<power>Fear</power>
				<power>Influence</power>
				<power>Noxious Breath</power>
				<power>Venom</power>
			</powers>
			<source>AFD</source>
			<page>18</page>
		</metatype>
		<metatype>
			<name>Leviathan</name>
			<category>Dracoforms</category>
			<bp>300</bp>
			<bodmin>9</bodmin>
			<bodmax>20</bodmax>
			<bodaug>99</bodaug>
			<agimin>2</agimin>
			<agimax>10</agimax>
			<agiaug>99</agiaug>
			<reamin>5</reamin>
			<reamax>10</reamax>
			<reaaug>99</reaaug>
			<strmin>30</strmin>
			<strmax>40</strmax>
			<straug>99</straug>
			<chamin>5</chamin>
			<chamax>10</chamax>
			<chaaug>99</chaaug>
			<intmin>5</intmin>
			<intmax>10</intmax>
			<intaug>99</intaug>
			<logmin>5</logmin>
			<logmax>10</logmax>
			<logaug>99</logaug>
			<wilmin>5</wilmin>
			<wilmax>10</wilmax>
			<wilaug>99</wilaug>
			<inimin>7</inimin>
			<inimax>20</inimax>
			<iniaug>99</iniaug>
			<edgmin>1</edgmin>
			<edgmax>6</edgmax>
			<edgaug>6</edgaug>
			<magmin>6</magmin>
			<magmax>10</magmax>
			<magaug>10</magaug>
			<resmin>0</resmin>
			<resmax>0</resmax>
			<resaug>0</resaug>
			<essmin>0</essmin>
			<essmax>6</essmax>
			<essaug>6</essaug>
			<movement>10/50, Swim 30/75</movement>
			<qualities>
				<positive>
					<quality>Magician</quality>
				</positive>
			</qualities>
			<bonus>
				<enabletab>
					<name>critter</name>
				</enabletab>
				<initiativepass>1</initiativepass>
				<reach>2</reach>
			</bonus>
			<powers>
				<power>Dragonspeech</power>
				<power>Dual Natured</power>
				<power select="Fire">Elemental Attack</power>
				<power select="Smell, Low-Light Vision, Thermographic Vision, Wide-Band Hearing">Enhanced Senses</power>
				<power rating="8">Hardened Armor</power>
				<power rating="8">Mystic Armor</power>
				<power select="Bite/Claws: DV 10P, AP -2">Natural Weapon</power>
				<power>Sapience</power>
				<power>Animal Control</power>
				<power>Compulsion</power>
				<power>Corrosive Spit</power>
				<power>Fear</power>
				<power>Influence</power>
				<power>Noxious Breath</power>
				<power>Venom</power>
			</powers>
			<source>AFD</source>
			<page>18</page>
		</metatype>
		<metatype>
			<name>Western Dragon</name>
			<category>Dracoforms</category>
			<bp>325</bp>
			<bodmin>12</bodmin>
			<bodmax>28</bodmax>
			<bodaug>99</bodaug>
			<agimin>4</agimin>
			<agimax>12</agimax>
			<agiaug>99</agiaug>
			<reamin>5</reamin>
			<reamax>10</reamax>
			<reaaug>99</reaaug>
			<strmin>35</strmin>
			<strmax>45</strmax>
			<straug>99</straug>
			<chamin>5</chamin>
			<chamax>10</chamax>
			<chaaug>99</chaaug>
			<intmin>5</intmin>
			<intmax>10</intmax>
			<intaug>99</intaug>
			<logmin>5</logmin>
			<logmax>10</logmax>
			<logaug>99</logaug>
			<wilmin>5</wilmin>
			<wilmax>10</wilmax>
			<wilaug>99</wilaug>
			<inimin>9</inimin>
			<inimax>22</inimax>
			<iniaug>99</iniaug>
			<edgmin>1</edgmin>
			<edgmax>6</edgmax>
			<edgaug>6</edgaug>
			<magmin>6</magmin>
			<magmax>10</magmax>
			<magaug>10</magaug>
			<resmin>0</resmin>
			<resmax>0</resmax>
			<resaug>0</resaug>
			<essmin>0</essmin>
			<essmax>6</essmax>
			<essaug>6</essaug>
			<movement>15/40, Fly 30/60</movement>
			<qualities>
				<positive>
					<quality>Magician</quality>
				</positive>
			</qualities>
			<bonus>
				<enabletab>
					<name>critter</name>
				</enabletab>
				<initiativepass>1</initiativepass>
				<reach>2</reach>
			</bonus>
			<powers>
				<power>Dragonspeech</power>
				<power>Dual Natured</power>
				<power select="Fire">Elemental Attack</power>
				<power select="Smell, Low-Light Vision, Thermographic Vision, Wide-Band Hearing">Enhanced Senses</power>
				<power rating="8">Hardened Armor</power>
				<power rating="8">Mystic Armor</power>
				<power select="Bite/Claws: DV 10P, AP -2">Natural Weapon</power>
				<power>Sapience</power>
				<power>Animal Control</power>
				<power>Compulsion</power>
				<power>Corrosive Spit</power>
				<power>Fear</power>
				<power>Influence</power>
				<power>Noxious Breath</power>
				<power>Venom</power>
			</powers>
			<source>AFD</source>
			<page>18</page>
		</metatype>
	</metatypes>
</chummer>