<?xml version="1.0" encoding="utf-8"?>
<chummer>
	<traditions>
		<tradition>
			<name>Draconic</name>
			<drain>WIL + LOG</drain>
			<spirits>
				<spirit>Guidance Spirit</spirit>
				<spirit>Plant Spirit</spirit>
				<spirit>Spirit of Air</spirit>
				<spirit>Spirit of Beasts</spirit>
				<spirit>Spirit of Earth</spirit>
				<spirit>Spirit of Fire</spirit>
				<spirit>Spirit of Man</spirit>
				<spirit>Spirit of Water</spirit>
				<spirit>Task Spirit</spirit>
			</spirits>
			<source>AFD</source>
			<page>19</page>
		</tradition>
	</traditions>
</chummer>