<paydata><datatrail><generator>CCOC for Matrix</generator><version>1.61</version><homepage>http://ccoc.sf.net/</homepage><email>sf_yourshadow@bezeqint.net</email></datatrail><SRItems name="Frames/Agents/Constructs" NameExtension="Untitled" cost="2700"><program type="IC" itemid="IC Construct" Rating="1" Size="3" cost="300" Availability="4/14 days" Street_Index="1"><Trap/><Expert-Offense/><Expert-Defense/><Sensitive/><Bug-Ridden/></program><program type="frame" itemid="Smart frame" Rating="1" Size="24" cost="2400" Availability="2/7 days" Street_Index="1"><Squeeze/><Bug-Ridden/><core Pilot="3"/></program></SRItems></paydata>