<?xml version="1.0" encoding="utf-8"?>
<chummer>
	<version>-923</version>
	<lifestyles>
		<lifestyle>
			<name>Street</name>
			<cost>0</cost>
			<dice>1</dice>
			<multiplier>10</multiplier>
			<source>SR4</source>
			<page>268</page>
		</lifestyle>
		<lifestyle>
			<name>Squatter</name>
			<cost>500</cost>
			<dice>2</dice>
			<multiplier>20</multiplier>
			<source>SR4</source>
			<page>268</page>
		</lifestyle>
		<lifestyle>
			<name>Low</name>
			<cost>2000</cost>
			<dice>3</dice>
			<multiplier>50</multiplier>
			<source>SR4</source>
			<page>268</page>
		</lifestyle>
		<lifestyle>
			<name>Middle</name>
			<cost>5000</cost>
			<dice>4</dice>
			<multiplier>100</multiplier>
			<source>SR4</source>
			<page>268</page>
		</lifestyle>
		<lifestyle>
			<name>High</name>
			<cost>10000</cost>
			<dice>4</dice>
			<multiplier>500</multiplier>
			<source>SR4</source>
			<page>268</page>
		</lifestyle>
		<lifestyle>
			<name>Full Immersion</name>
			<cost>30000</cost>
			<dice>4</dice>
			<multiplier>100</multiplier>
			<source>UN</source>
			<page>38</page>
		</lifestyle>
		<lifestyle>
			<name>Luxury</name>
			<cost>100000</cost>
			<dice>4</dice>
			<multiplier>1000</multiplier>
			<source>SR4</source>
			<page>267</page>
		</lifestyle>
		<lifestyle>
			<name>Cyberzombie Lifestyle Addition</name>
			<cost>2000</cost>
			<dice>0</dice>
			<multiplier>0</multiplier>
			<source>AU</source>
			<page>157</page>
		</lifestyle>
	</lifestyles>
	<comforts>
		<comfort>
			<name>Street</name>
			<lp>0</lp>
		</comfort>
		<comfort>
			<name>Squatter</name>
			<lp>1</lp>
		</comfort>
		<comfort>
			<name>Low</name>
			<lp>2</lp>
		</comfort>
		<comfort>
			<name>Middle</name>
			<lp>3</lp>
		</comfort>
		<comfort>
			<name>High</name>
			<lp>4</lp>
		</comfort>
		<comfort>
			<name>Luxury</name>
			<lp>6</lp>
			<slp>5</slp>
		</comfort>
	</comforts>
	<entertainments>
		<entertainment>
			<name>Street</name>
			<lp>0</lp>
		</entertainment>
		<entertainment>
			<name>Squatter</name>
			<lp>1</lp>
		</entertainment>
		<entertainment>
			<name>Low</name>
			<lp>2</lp>
		</entertainment>
		<entertainment>
			<name>Middle</name>
			<lp>3</lp>
		</entertainment>
		<entertainment>
			<name>High</name>
			<lp>4</lp>
		</entertainment>
		<entertainment>
			<name>Luxury</name>
			<lp>6</lp>
			<slp>5</slp>
		</entertainment>
	</entertainments>
	<necessities>
		<necessity>
			<name>Street</name>
			<lp>0</lp>
		</necessity>
		<necessity>
			<name>Squatter</name>
			<lp>1</lp>
		</necessity>
		<necessity>
			<name>Low</name>
			<lp>2</lp>
		</necessity>
		<necessity>
			<name>Middle</name>
			<lp>3</lp>
		</necessity>
		<necessity>
			<name>High</name>
			<lp>4</lp>
		</necessity>
		<necessity>
			<name>Luxury</name>
			<lp>6</lp>
			<slp>5</slp>
		</necessity>
	</necessities>
	<neighborhoods>
		<neighborhood>
			<name>Street - Z-zones/Barrens</name>
			<lp>0</lp>
			<slp>remove</slp>
		</neighborhood>
		<neighborhood>
			<name>Street</name>
			<lp>0</lp>
		</neighborhood>
		<neighborhood>
			<name>Squatter</name>
			<lp>1</lp>
		</neighborhood>
		<neighborhood>
			<name>Low</name>
			<lp>2</lp>
		</neighborhood>
		<neighborhood>
			<name>Middle</name>
			<lp>3</lp>
		</neighborhood>
		<neighborhood>
			<name>High</name>
			<lp>4</lp>
		</neighborhood>
		<neighborhood>
			<name>Luxury</name>
			<lp>6</lp>
			<slp>5</slp>
		</neighborhood>
		<neighborhood>
			<name>Luxury-AAA</name>
			<lp>7</lp>
			<slp>remove</slp>
		</neighborhood>
	</neighborhoods>
	<securities>
		<security>
			<name>Street</name>
			<lp>0</lp>
		</security>
		<security>
			<name>Squatter</name>
			<lp>1</lp>
		</security>
		<security>
			<name>Low</name>
			<lp>2</lp>
		</security>
		<security>
			<name>Middle</name>
			<lp>3</lp>
		</security>
		<security>
			<name>High</name>
			<lp>4</lp>
		</security>
		<security>
			<name>Luxury</name>
			<lp>6</lp>
			<slp>5</slp>
		</security>
	</securities>
	<qualities>
		<quality>
			<name>Aspected Domain</name>
			<category>Positive</category>
			<lp>5</lp>
			<allowed>Advanced,BoltHole,Safehouse</allowed>
			<source>RC</source>
			<page>161</page>
		</quality>
		<quality>
			<name>Astral Repellant</name>
			<category>Positive</category>
			<lp>5</lp>
			<allowed>Advanced,BoltHole,Safehouse</allowed>
			<source>RC</source>
			<page>161</page>
		</quality>
		<quality>
			<name>Commercial Zone</name>
			<category>Positive</category>
			<lp>1</lp>
			<allowed>Advanced,BoltHole,Safehouse</allowed>
			<source>RC</source>
			<page>161</page>
		</quality>
		<quality>
			<name>Concerned Neighbors</name>
			<category>Positive</category>
			<lp>2</lp>
			<allowed>Advanced</allowed>
			<source>RC</source>
			<page>161</page>
		</quality>
		<quality>
			<name>Easy-Going Landlord</name>
			<category>Positive</category>
			<lp>1</lp>
			<allowed>Advanced,BoltHole,Safehouse</allowed>
			<source>RC</source>
			<page>161</page>
		</quality>
		<quality>
			<name>Escape Tunnel</name>
			<category>Positive</category>
			<lp>3</lp>
			<allowed>Advanced,BoltHole,Safehouse</allowed>
			<source>RC</source>
			<page>161</page>
		</quality>
		<quality>
			<name>Feng Shui</name>
			<category>Positive</category>
			<lp>5</lp>
			<allowed>Advanced,BoltHole,Safehouse</allowed>
			<source>RC</source>
			<page>161</page>
		</quality>
		<quality>
			<name>Free Access</name>
			<category>Positive</category>
			<lp>1</lp>
			<allowed>Advanced,BoltHole,Safehouse</allowed>
			<source>RC</source>
			<page>162</page>
		</quality>
		<quality>
			<name>Friendly Neighbors</name>
			<category>Positive</category>
			<lp>1</lp>
			<allowed>Advanced</allowed>
			<source>RC</source>
			<page>162</page>
		</quality>
		<quality>
			<name>Hasty Exit</name>
			<category>Positive</category>
			<lp>2</lp>
			<allowed>Advanced,BoltHole,Safehouse</allowed>
			<source>RC</source>
			<page>162</page>
		</quality>
		<quality>
			<name>Homegrown Farming</name>
			<category>Positive</category>
			<lp>1</lp>
			<allowed>Advanced</allowed>
			<source>RC</source>
			<page>162</page>
		</quality>
		<quality>
			<name>In Tune</name>
			<category>Positive</category>
			<lp>5</lp>
			<allowed>Advanced,BoltHole,Safehouse</allowed>
			<source>RC</source>
			<page>162</page>
		</quality>
		<quality>
			<name>Inconspicuous Housing, Matrix</name>
			<category>Positive</category>
			<lp>2</lp>
			<allowed>Advanced,BoltHole,Safehouse</allowed>
			<source>RC</source>
			<page>162</page>
		</quality>
		<quality>
			<name>Inconspicuous Housing, Physical</name>
			<category>Positive</category>
			<lp>2</lp>
			<allowed>Advanced,BoltHole,Safehouse</allowed>
			<source>RC</source>
			<page>162</page>
		</quality>
		<quality>
			<name>No Neighbors</name>
			<category>Positive</category>
			<lp>1</lp>
			<allowed>Advanced,BoltHole,Safehouse</allowed>
			<source>RC</source>
			<page>162</page>
		</quality>
		<quality>
			<name>Perfect Roommate</name>
			<category>Positive</category>
			<lp>2</lp>
			<allowed>Advanced,BoltHole,Safehouse</allowed>
			<source>RC</source>
			<page>162</page>
		</quality>
		<quality>
			<name>Privacy Screen, Astral (Rating 1)</name>
			<category>Positive</category>
			<lp>1</lp>
			<allowed>Advanced,BoltHole,Safehouse</allowed>
			<source>RC</source>
			<page>162</page>
		</quality>
		<quality>
			<name>Privacy Screen, Astral (Rating 2)</name>
			<category>Positive</category>
			<lp>2</lp>
			<allowed>Advanced,BoltHole,Safehouse</allowed>
			<source>RC</source>
			<page>162</page>
		</quality>
		<quality>
			<name>Privacy Screen, Astral (Rating 3)</name>
			<category>Positive</category>
			<lp>3</lp>
			<allowed>Advanced,BoltHole,Safehouse</allowed>
			<source>RC</source>
			<page>162</page>
		</quality>
		<quality>
			<name>Privacy Screen, Matrix (Rating 1)</name>
			<category>Positive</category>
			<lp>1</lp>
			<allowed>Advanced,BoltHole,Safehouse</allowed>
			<source>RC</source>
			<page>162</page>
		</quality>
		<quality>
			<name>Privacy Screen, Matrix (Rating 2)</name>
			<category>Positive</category>
			<lp>2</lp>
			<allowed>Advanced,BoltHole,Safehouse</allowed>
			<source>RC</source>
			<page>162</page>
		</quality>
		<quality>
			<name>Privacy Screen, Matrix (Rating 3)</name>
			<category>Positive</category>
			<lp>3</lp>
			<allowed>Advanced,BoltHole,Safehouse</allowed>
			<source>RC</source>
			<page>162</page>
		</quality>
		<quality>
			<name>Privacy Screen, Physical (Rating 1)</name>
			<category>Positive</category>
			<lp>1</lp>
			<allowed>Advanced,BoltHole,Safehouse</allowed>
			<source>RC</source>
			<page>162</page>
		</quality>
		<quality>
			<name>Privacy Screen, Physical (Rating 2)</name>
			<category>Positive</category>
			<lp>2</lp>
			<allowed>Advanced,BoltHole,Safehouse</allowed>
			<source>RC</source>
			<page>162</page>
		</quality>
		<quality>
			<name>Privacy Screen, Physical (Rating 3)</name>
			<category>Positive</category>
			<lp>3</lp>
			<allowed>Advanced,BoltHole,Safehouse</allowed>
			<source>RC</source>
			<page>162</page>
		</quality>
		<quality>
			<name>Quiet Neighborhood</name>
			<category>Positive</category>
			<lp>1</lp>
			<allowed>Advanced,BoltHole,Safehouse</allowed>
			<source>RC</source>
			<page>162</page>
		</quality>
		<quality>
			<name>Rad Pad</name>
			<category>Positive</category>
			<lp>1</lp>
			<allowed>Advanced</allowed>
			<source>RC</source>
			<page>162</page>
		</quality>
		<quality>
			<name>Resonance Well</name>
			<category>Positive</category>
			<lp>5</lp>
			<allowed>Advanced,BoltHole,Safehouse</allowed>
			<source>RC</source>
			<page>162</page>
		</quality>
		<quality>
			<name>Security Conscious</name>
			<category>Positive</category>
			<lp>2</lp>
			<allowed>Advanced,BoltHole,Safehouse</allowed>
			<source>RC</source>
			<page>162</page>
		</quality>
		<quality>
			<name>Well Made</name>
			<category>Positive</category>
			<lp>1</lp>
			<allowed>Advanced,BoltHole,Safehouse</allowed>
			<source>RC</source>
			<page>162</page>
		</quality>
		<quality>
			<name>Workplace</name>
			<category>Positive</category>
			<lp>1</lp>
			<allowed>Advanced,BoltHole,Safehouse</allowed>
			<source>RC</source>
			<page>162</page>
		</quality>
		<quality>
			<name>Animal Lover Rating 1</name>
			<category>Positive</category>
			<lp>1</lp>
			<allowed>Advanced,BoltHole,Safehouse</allowed>
			<source>RW</source>
			<page>40</page>
		</quality>
		<quality>
			<name>Animal Lover Rating 2</name>
			<category>Positive</category>
			<lp>3</lp>
			<allowed>Advanced,BoltHole,Safehouse</allowed>
			<source>RW</source>
			<page>40</page>
		</quality>
		<quality>
			<name>Animal Lover Rating 3</name>
			<category>Positive</category>
			<lp>5</lp>
			<allowed>Advanced,BoltHole,Safehouse</allowed>
			<source>RW</source>
			<page>40</page>
		</quality>
		<quality>
			<name>Rural Home</name>
			<category>Positive</category>
			<lp>2</lp>
			<allowed>Advanced,BoltHole,Safehouse</allowed>
			<source>RW</source>
			<page>40</page>
		</quality>
		<quality>
			<name>Outbuildings Rating 1</name>
			<category>Positive</category>
			<lp>1</lp>
			<allowed>Advanced,BoltHole,Safehouse</allowed>
			<source>RW</source>
			<page>40</page>
		</quality>
		<quality>
			<name>Outbuildings Rating 2</name>
			<category>Positive</category>
			<lp>2</lp>
			<allowed>Advanced,BoltHole,Safehouse</allowed>
			<source>RW</source>
			<page>40</page>
		</quality>
		<quality>
			<name>Reinforced Housing Rating 1</name>
			<category>Positive</category>
			<lp>1</lp>
			<allowed>Advanced,BoltHole,Safehouse</allowed>
			<source>RW</source>
			<page>40</page>
		</quality>
		<quality>
			<name>Reinforced Housing Rating 2</name>
			<category>Positive</category>
			<lp>3</lp>
			<allowed>Advanced,BoltHole,Safehouse</allowed>
			<source>RW</source>
			<page>40</page>
		</quality>
		<quality>
			<name>AI in Residence</name>
			<category>Negative</category>
			<lp>-3</lp>
			<allowed>Advanced,BoltHole,Safehouse</allowed>
			<source>RC</source>
			<page>162</page>
		</quality>
		<quality>
			<name>Ambusher's Delight</name>
			<category>Negative</category>
			<lp>-3</lp>
			<allowed>Advanced,BoltHole,Safehouse</allowed>
			<source>RC</source>
			<page>162</page>
		</quality>
		<quality>
			<name>Black Hole (Rating 1)</name>
			<category>Negative</category>
			<lp>-2</lp>
			<allowed>Advanced,BoltHole,Safehouse</allowed>
			<source>RC</source>
			<page>163</page>
		</quality>
		<quality>
			<name>Black Hole (Rating 2)</name>
			<category>Negative</category>
			<lp>-4</lp>
			<allowed>Advanced,BoltHole,Safehouse</allowed>
			<source>RC</source>
			<page>163</page>
		</quality>
		<quality>
			<name>Corporate Owned</name>
			<category>Negative</category>
			<lp>-3</lp>
			<allowed>Advanced</allowed>
			<source>RC</source>
			<page>163</page>
		</quality>
		<quality>
			<name>Crash Pad</name>
			<category>Negative</category>
			<lp>-1</lp>
			<allowed>Advanced</allowed>
			<source>RC</source>
			<page>163</page>
		</quality>
		<quality>
			<name>Defective CHN</name>
			<category>Negative</category>
			<lp>-1</lp>
			<allowed>Advanced,BoltHole,Safehouse</allowed>
			<source>RC</source>
			<page>163</page>
		</quality>
		<quality>
			<name>Green Plan</name>
			<category>Negative</category>
			<lp>-1</lp>
			<allowed>Advanced,BoltHole,Safehouse</allowed>
			<source>RC</source>
			<page>163</page>
		</quality>
		<quality>
			<name>Haunted</name>
			<category>Negative</category>
			<lp>-4</lp>
			<allowed>Advanced,BoltHole,Safehouse</allowed>
			<source>RC</source>
			<page>163</page>
		</quality>
		<quality>
			<name>Household Gremlins (Rating 1)</name>
			<category>Negative</category>
			<lp>-1</lp>
			<allowed>Advanced,BoltHole,Safehouse</allowed>
			<source>RC</source>
			<page>163</page>
		</quality>
		<quality>
			<name>Household Gremlins (Rating 2)</name>
			<category>Negative</category>
			<lp>-3</lp>
			<allowed>Advanced,BoltHole,Safehouse</allowed>
			<source>RC</source>
			<page>163</page>
		</quality>
		<quality>
			<name>Lax Security</name>
			<category>Negative</category>
			<lp>-2</lp>
			<allowed>Advanced,BoltHole,Safehouse</allowed>
			<source>RC</source>
			<page>163</page>
		</quality>
		<quality>
			<name>Living by Committee</name>
			<category>Negative</category>
			<lp>-2</lp>
			<allowed>Advanced</allowed>
			<source>RC</source>
			<page>163</page>
		</quality>
		<quality>
			<name>Living with Parents</name>
			<category>Negative</category>
			<lp>-2</lp>
			<allowed>Advanced</allowed>
			<source>RC</source>
			<page>163</page>
		</quality>
		<quality>
			<name>Network Bottleneck</name>
			<category>Negative</category>
			<lp>-1</lp>
			<allowed>Advanced,BoltHole,Safehouse</allowed>
			<source>RC</source>
			<page>164</page>
		</quality>
		<quality>
			<name>No Forwarding Address</name>
			<category>Negative</category>
			<lp>-1</lp>
			<allowed>Advanced</allowed>
			<source>RC</source>
			<page>164</page>
		</quality>
		<quality>
			<name>Nosy Neighbors</name>
			<category>Negative</category>
			<lp>-2</lp>
			<allowed>Advanced</allowed>
			<source>RC</source>
			<page>164</page>
		</quality>
		<quality>
			<name>No Privacy, Astral (Rating 1)</name>
			<category>Negative</category>
			<lp>-1</lp>
			<allowed>Advanced</allowed>
			<source>RC</source>
			<page>164</page>
		</quality>
		<quality>
			<name>No Privacy, Astral (Rating 2)</name>
			<category>Negative</category>
			<lp>-2</lp>
			<allowed>Advanced</allowed>
			<source>RC</source>
			<page>164</page>
		</quality>
		<quality>
			<name>No Privacy, Astral (Rating 3)</name>
			<category>Negative</category>
			<lp>-3</lp>
			<allowed>Advanced</allowed>
			<source>RC</source>
			<page>164</page>
		</quality>
		<quality>
			<name>No Privacy, Matrix (Rating 1)</name>
			<category>Negative</category>
			<lp>-1</lp>
			<allowed>Advanced</allowed>
			<source>RC</source>
			<page>164</page>
		</quality>
		<quality>
			<name>No Privacy, Matrix (Rating 2)</name>
			<category>Negative</category>
			<lp>-2</lp>
			<allowed>Advanced</allowed>
			<source>RC</source>
			<page>164</page>
		</quality>
		<quality>
			<name>No Privacy, Matrix (Rating 3)</name>
			<category>Negative</category>
			<lp>-3</lp>
			<allowed>Advanced</allowed>
			<source>RC</source>
			<page>164</page>
		</quality>
		<quality>
			<name>No Privacy, Physical (Rating 1)</name>
			<category>Negative</category>
			<lp>-1</lp>
			<allowed>Advanced</allowed>
			<source>RC</source>
			<page>164</page>
		</quality>
		<quality>
			<name>No Privacy, Physical (Rating 2)</name>
			<category>Negative</category>
			<lp>-2</lp>
			<allowed>Advanced</allowed>
			<source>RC</source>
			<page>164</page>
		</quality>
		<quality>
			<name>No Privacy, Physical (Rating 3)</name>
			<category>Negative</category>
			<lp>-3</lp>
			<allowed>Advanced</allowed>
			<source>RC</source>
			<page>164</page>
		</quality>
		<quality>
			<name>Pest Magnet (Rating 1)</name>
			<category>Negative</category>
			<lp>-1</lp>
			<allowed>Advanced,BoltHole,Safehouse</allowed>
			<source>RC</source>
			<page>164</page>
		</quality>
		<quality>
			<name>Pest Magnet (Rating 2)</name>
			<category>Negative</category>
			<lp>-3</lp>
			<allowed>Advanced,BoltHole,Safehouse</allowed>
			<source>RC</source>
			<page>164</page>
		</quality>
		<quality>
			<name>Poor Condition</name>
			<category>Negative</category>
			<lp>-1</lp>
			<allowed>Advanced,BoltHole,Safehouse</allowed>
			<source>RC</source>
			<page>164</page>
		</quality>
		<quality>
			<name>Rough Neighborhood</name>
			<category>Negative</category>
			<lp>-1</lp>
			<allowed>Advanced,BoltHole,Safehouse</allowed>
			<source>RC</source>
			<page>164</page>
		</quality>
		<quality>
			<name>Sprite Magnet (Rating 1)</name>
			<category>Negative</category>
			<lp>-1</lp>
			<allowed>Advanced,BoltHole,Safehouse</allowed>
			<source>RC</source>
			<page>164</page>
		</quality>
		<quality>
			<name>Sprite Magnet (Rating 2)</name>
			<category>Negative</category>
			<lp>-3</lp>
			<allowed>Advanced,BoltHole,Safehouse</allowed>
			<source>RC</source>
			<page>164</page>
		</quality>
		<quality>
			<name>This Isn't Big Bob's Autos</name>
			<category>Negative</category>
			<lp>-1</lp>
			<allowed>Advanced</allowed>
			<source>RC</source>
			<page>164</page>
		</quality>
		<quality>
			<name>Trigger-Happy Landlord</name>
			<category>Negative</category>
			<lp>-1</lp>
			<allowed>Advanced,BoltHole,Safehouse</allowed>
			<source>RC</source>
			<page>164</page>
		</quality>
		<quality>
			<name>Unsound</name>
			<category>Negative</category>
			<lp>-2</lp>
			<allowed>Advanced,BoltHole,Safehouse</allowed>
			<source>RC</source>
			<page>164</page>
		</quality>
		<quality>
			<name>Unsafe</name>
			<category>Negative</category>
			<lp>-3</lp>
			<allowed>Advanced,BoltHole,Safehouse</allowed>
			<source>RC</source>
			<page>164</page>
		</quality>
		<quality>
			<name>Worse Neighbors</name>
			<category>Negative</category>
			<lp>-1</lp>
			<allowed>Advanced</allowed>
			<source>RC</source>
			<page>164</page>
		</quality>
		<quality>
			<name>Deliveryman</name>
			<category>Positive</category>
			<lp>2</lp>
			<allowed>Safehouse</allowed>
			<source>SH</source>
			<page>15</page>
		</quality>
		<quality>
			<name>Candyman</name>
			<category>Positive</category>
			<lp>4</lp>
			<allowed>Safehouse</allowed>
			<source>SH</source>
			<page>15</page>
		</quality>
		<quality>
			<name>No Masters</name>
			<category>Positive</category>
			<lp>5</lp>
			<allowed>Advanced,BoltHole,Safehouse</allowed>
			<source>SH</source>
			<page>15</page>
		</quality>
		<quality>
			<name>Parabellum</name>
			<category>Positive</category>
			<lp>1</lp>
			<allowed>Safehouse</allowed>
			<source>SH</source>
			<page>15</page>
		</quality>
		<quality>
			<name>High Traffic</name>
			<category>Positive</category>
			<lp>1</lp>
			<allowed>Advanced,BoltHole,Safehouse</allowed>
			<source>SH</source>
			<page>15</page>
		</quality>
		<quality>
			<name>Stocked Up</name>
			<category>Positive</category>
			<lp>1</lp>
			<allowed>Advanced,BoltHole,Safehouse</allowed>
			<source>SH</source>
			<page>15</page>
		</quality>
		<quality>
			<name>Alternate Energy</name>
			<category>Positive</category>
			<lp>1</lp>
			<allowed>Advanced,BoltHole,Safehouse</allowed>
			<source>SH</source>
			<page>15</page>
		</quality>
		<quality>
			<name>Magician On Staff (Bolt Hole)</name>
			<category>Positive</category>
			<lp>3</lp>
			<allowed>BoltHole</allowed>
			<source>SH</source>
			<page>15</page>
		</quality>
		<quality>
			<name>Magician On Staff (Safehouse)</name>
			<category>Positive</category>
			<lp>5</lp>
			<allowed>Safehouse</allowed>
			<source>SH</source>
			<page>15</page>
		</quality>
		<quality>
			<name>Dug a Hole</name>
			<category>Positive</category>
			<lp>2</lp>
			<allowed>Advanced,BoltHole,Safehouse</allowed>
			<source>SH</source>
			<page>15</page>
		</quality>
		<quality>
			<name>Legitimate</name>
			<category>Positive</category>
			<lp>2</lp>
			<allowed>Safehouse</allowed>
			<source>SH</source>
			<page>15</page>
		</quality>
		<quality>
			<name>Shoemaker</name>
			<category>Positive</category>
			<lp>5</lp>
			<allowed>Safehouse</allowed>
			<source>SH</source>
			<page>15</page>
		</quality>
		<quality>
			<name>Nurse Is In</name>
			<category>Positive</category>
			<lp>3</lp>
			<allowed>Safehouse</allowed>
			<source>SH</source>
			<page>15</page>
		</quality>
		<quality>
			<name>Doctor Is In</name>
			<category>Positive</category>
			<lp>4</lp>
			<allowed>Safehouse</allowed>
			<source>SH</source>
			<page>15</page>
		</quality>
		<quality>
			<name>Healer Is In</name>
			<category>Positive</category>
			<lp>5</lp>
			<allowed>Safehouse</allowed>
			<source>SH</source>
			<page>15</page>
		</quality>
		<quality>
			<name>Fully Stocked Bar</name>
			<category>Positive</category>
			<lp>1</lp>
			<allowed>Advanced,BoltHole,Safehouse</allowed>
			<source>SH</source>
			<page>15</page>
		</quality>
		<quality>
			<name>Middle of Hicksville</name>
			<category>Positive</category>
			<lp>2</lp>
			<allowed>Advanced,BoltHole,Safehouse</allowed>
			<source>SH</source>
			<page>16</page>
		</quality>
		<quality>
			<name>Ultramodern</name>
			<category>Positive</category>
			<lp>1</lp>
			<allowed>Advanced,BoltHole,Safehouse</allowed>
			<source>SH</source>
			<page>16</page>
		</quality>
		<quality>
			<name>Armory</name>
			<category>Positive</category>
			<lp>3</lp>
			<allowed>Safehouse</allowed>
			<source>SH</source>
			<page>16</page>
		</quality>
		<quality>
			<name>Stunt Double</name>
			<category>Positive</category>
			<lp>5</lp>
			<allowed>Safehouse</allowed>
			<source>SH</source>
			<page>16</page>
		</quality>
		<quality>
			<name>Made It to Mexico</name>
			<category>Positive</category>
			<lp>5</lp>
			<allowed>BoltHole,Safehouse</allowed>
			<source>SH</source>
			<page>16</page>
		</quality>
		<quality>
			<name>Inaccessible</name>
			<category>Positive</category>
			<lp>3</lp>
			<allowed>Advanced,BoltHole,Safehouse</allowed>
			<source>SH</source>
			<page>16</page>
		</quality>
		<quality>
			<name>Mr. Johnson's Neighborhood</name>
			<category>Positive</category>
			<lp>2</lp>
			<allowed>Advanced,BoltHole,Safehouse</allowed>
			<source>SH</source>
			<page>16</page>
		</quality>
		<quality>
			<name>Hotel California</name>
			<category>Negative</category>
			<lp>-1</lp>
			<allowed>Safehouse</allowed>
			<source>SH</source>
			<page>16</page>
		</quality>
		<quality>
			<name>Book Thumpers</name>
			<category>Negative</category>
			<lp>-1</lp>
			<allowed>Safehouse</allowed>
			<source>SH</source>
			<page>16</page>
		</quality>
		<quality>
			<name>Affiliated</name>
			<category>Negative</category>
			<lp>-3</lp>
			<allowed>Advanced,BoltHole,Safehouse</allowed>
			<source>SH</source>
			<page>16</page>
		</quality>
		<quality>
			<name>Racist Hellhole (Rating 1)</name>
			<category>Negative</category>
			<lp>-1</lp>
			<allowed>Safehouse</allowed>
			<source>SH</source>
			<page>16</page>
		</quality>
		<quality>
			<name>Racist Hellhole (Rating 2)</name>
			<category>Negative</category>
			<lp>-2</lp>
			<allowed>Safehouse</allowed>
			<source>SH</source>
			<page>16</page>
		</quality>
		<quality>
			<name>Racist Hellhole (Rating 3)</name>
			<category>Negative</category>
			<lp>-3</lp>
			<allowed>Safehouse</allowed>
			<source>SH</source>
			<page>16</page>
		</quality>
		<quality>
			<name>Tree-Hugging Hippies</name>
			<category>Negative</category>
			<lp>-2</lp>
			<allowed>Safehouse</allowed>
			<source>SH</source>
			<page>17</page>
		</quality>
		<quality>
			<name>Loud Neighborhood</name>
			<category>Negative</category>
			<lp>-1</lp>
			<allowed>Advanced,BoltHole,Safehouse</allowed>
			<source>SH</source>
			<page>17</page>
		</quality>
		<quality>
			<name>Not a Home</name>
			<category>Negative</category>
			<lp>-2</lp>
			<allowed>Advanced,BoltHole,Safehouse</allowed>
			<source>SH</source>
			<page>17</page>
		</quality>
		<quality>
			<name>Hell's Waiting Room</name>
			<category>Negative</category>
			<lp>-2</lp>
			<allowed>Advanced,BoltHole,Safehouse</allowed>
			<source>SH</source>
			<page>17</page>
		</quality>
		<quality>
			<name>Cellmate (Rating 1)</name>
			<category>Negative</category>
			<lp>-2</lp>
			<allowed>BoltHole,Safehouse</allowed>
			<source>SH</source>
			<page>17</page>
		</quality>
		<quality>
			<name>Cellmate (Rating 2)</name>
			<category>Negative</category>
			<lp>-2</lp>
			<allowed>BoltHole,Safehouse</allowed>
			<source>SH</source>
			<page>17</page>
		</quality>
		<quality>
			<name>Cellmate (Rating 3)</name>
			<category>Negative</category>
			<lp>-3</lp>
			<allowed>BoltHole,Safehouse</allowed>
			<source>SH</source>
			<page>17</page>
		</quality>
		<quality>
			<name>Cellmate (Rating 4)</name>
			<category>Negative</category>
			<lp>-4</lp>
			<allowed>BoltHole,Safehouse</allowed>
			<source>SH</source>
			<page>17</page>
		</quality>
		<quality>
			<name>Cellmate (Rating 5)</name>
			<category>Negative</category>
			<lp>-5</lp>
			<allowed>BoltHole,Safehouse</allowed>
			<source>SH</source>
			<page>17</page>
		</quality>
		<quality>
			<name>Donut Shop (Rating 1)</name>
			<category>Negative</category>
			<lp>-2</lp>
			<allowed>Advanced,BoltHole,Safehouse</allowed>
			<source>SH</source>
			<page>17</page>
		</quality>
		<quality>
			<name>Donut Shop (Rating 2)</name>
			<category>Negative</category>
			<lp>-4</lp>
			<allowed>Advanced,BoltHole,Safehouse</allowed>
			<source>SH</source>
			<page>17</page>
		</quality>
		<quality>
			<name>Witless Protection</name>
			<category>Negative</category>
			<lp>-3</lp>
			<allowed>Advanced,BoltHole,Safehouse</allowed>
			<source>SH</source>
			<page>17</page>
		</quality>
		<quality>
			<name>Under A Rock</name>
			<category>Negative</category>
			<lp>-3</lp>
			<allowed>Advanced,BoltHole,Safehouse</allowed>
			<source>SH</source>
			<page>17</page>
		</quality>
		<quality>
			<name>Leaky Faucet</name>
			<category>Negative</category>
			<lp>-2</lp>
			<allowed>Advanced,BoltHole,Safehouse</allowed>
			<source>SH</source>
			<page>17</page>
		</quality>
		<quality>
			<name>The Building that Time Forgot</name>
			<category>Negative</category>
			<lp>-1</lp>
			<allowed>Advanced,BoltHole,Safehouse</allowed>
			<source>SH</source>
			<page>17</page>
		</quality>
		<quality>
			<name>Fresh Meat</name>
			<category>Negative</category>
			<lp>-3</lp>
			<allowed>Advanced,BoltHole,Safehouse</allowed>
			<source>SH</source>
			<page>17</page>
		</quality>
		<quality>
			<name>Maid's on Vacation</name>
			<category>Negative</category>
			<lp>-1</lp>
			<allowed>Safehouse</allowed>
			<source>SH</source>
			<page>17</page>
		</quality>
	</qualities>
	<costs>
		<cost>
			<lp>0</lp>
			<cost>0</cost>
		</cost>
		<cost>
			<lp>1</lp>
			<cost>100</cost>
		</cost>
		<cost>
			<lp>2</lp>
			<cost>200</cost>
		</cost>
		<cost>
			<lp>3</lp>
			<cost>300</cost>
		</cost>
		<cost>
			<lp>4</lp>
			<cost>400</cost>
		</cost>
		<cost>
			<lp>5</lp>
			<cost>500</cost>
		</cost>
		<cost>
			<lp>6</lp>
			<cost>800</cost>
		</cost>
		<cost>
			<lp>7</lp>
			<cost>1100</cost>
		</cost>
		<cost>
			<lp>8</lp>
			<cost>1400</cost>
		</cost>
		<cost>
			<lp>9</lp>
			<cost>1700</cost>
		</cost>
		<cost>
			<lp>10</lp>
			<cost>2000</cost>
		</cost>
		<cost>
			<lp>11</lp>
			<cost>2600</cost>
		</cost>
		<cost>
			<lp>12</lp>
			<cost>3200</cost>
		</cost>
		<cost>
			<lp>13</lp>
			<cost>3800</cost>
		</cost>
		<cost>
			<lp>14</lp>
			<cost>4400</cost>
		</cost>
		<cost>
			<lp>15</lp>
			<cost>5000</cost>
		</cost>
		<cost>
			<lp>16</lp>
			<cost>6000</cost>
		</cost>
		<cost>
			<lp>17</lp>
			<cost>7000</cost>
		</cost>
		<cost>
			<lp>18</lp>
			<cost>8000</cost>
		</cost>
		<cost>
			<lp>19</lp>
			<cost>9000</cost>
		</cost>
		<cost>
			<lp>20</lp>
			<cost>10000</cost>
		</cost>
		<cost>
			<lp>21</lp>
			<cost>15000</cost>
		</cost>
		<cost>
			<lp>22</lp>
			<cost>20000</cost>
		</cost>
		<cost>
			<lp>23</lp>
			<cost>30000</cost>
		</cost>
		<cost>
			<lp>24</lp>
			<cost>40000</cost>
		</cost>
		<cost>
			<lp>25</lp>
			<cost>50000</cost>
		</cost>
		<cost>
			<lp>26</lp>
			<cost>60000</cost>
		</cost>
		<cost>
			<lp>27</lp>
			<cost>70000</cost>
		</cost>
		<cost>
			<lp>28</lp>
			<cost>80000</cost>
		</cost>
		<cost>
			<lp>29</lp>
			<cost>90000</cost>
		</cost>
		<cost>
			<lp>30</lp>
			<cost>100000</cost>
		</cost>
		<cost>
			<lp>31+</lp>
			<cost>25000</cost>
		</cost>
	</costs>
	<safehousecosts>
		<cost>
			<lp>0</lp>
			<cost>0</cost>
		</cost>
		<cost>
			<lp>1</lp>
			<cost>75</cost>
		</cost>
		<cost>
			<lp>2</lp>
			<cost>150</cost>
		</cost>
		<cost>
			<lp>3</lp>
			<cost>200</cost>
		</cost>
		<cost>
			<lp>4</lp>
			<cost>350</cost>
		</cost>
		<cost>
			<lp>5</lp>
			<cost>400</cost>
		</cost>
		<cost>
			<lp>6</lp>
			<cost>700</cost>
		</cost>
		<cost>
			<lp>7</lp>
			<cost>1000</cost>
		</cost>
		<cost>
			<lp>8</lp>
			<cost>1300</cost>
		</cost>
		<cost>
			<lp>9</lp>
			<cost>1600</cost>
		</cost>
		<cost>
			<lp>10</lp>
			<cost>1900</cost>
		</cost>
		<cost>
			<lp>11</lp>
			<cost>2600</cost>
		</cost>
		<cost>
			<lp>12</lp>
			<cost>3200</cost>
		</cost>
		<cost>
			<lp>13</lp>
			<cost>3800</cost>
		</cost>
		<cost>
			<lp>14</lp>
			<cost>4400</cost>
		</cost>
		<cost>
			<lp>15</lp>
			<cost>5000</cost>
		</cost>
		<cost>
			<lp>16</lp>
			<cost>7500</cost>
		</cost>
		<cost>
			<lp>17</lp>
			<cost>9000</cost>
		</cost>
		<cost>
			<lp>18</lp>
			<cost>10500</cost>
		</cost>
		<cost>
			<lp>19</lp>
			<cost>12000</cost>
		</cost>
		<cost>
			<lp>20</lp>
			<cost>13500</cost>
		</cost>
		<cost>
			<lp>21</lp>
			<cost>20000</cost>
		</cost>
		<cost>
			<lp>22</lp>
			<cost>25000</cost>
		</cost>
		<cost>
			<lp>23</lp>
			<cost>35000</cost>
		</cost>
		<cost>
			<lp>24</lp>
			<cost>45000</cost>
		</cost>
		<cost>
			<lp>25</lp>
			<cost>55000</cost>
		</cost>
		<cost>
			<lp>26</lp>
			<cost>65000</cost>
		</cost>
		<cost>
			<lp>27</lp>
			<cost>75000</cost>
		</cost>
		<cost>
			<lp>28</lp>
			<cost>85000</cost>
		</cost>
		<cost>
			<lp>29</lp>
			<cost>95000</cost>
		</cost>
		<cost>
			<lp>30</lp>
			<cost>110000</cost>
		</cost>
		<cost>
			<lp>31+</lp>
			<cost>35000</cost>
		</cost>
	</safehousecosts>
</chummer>