<?xml version="1.0" encoding="utf-8"?>
<chummer>
	<version>-922</version>
	<metamagics>
		<metamagic>
			<name>Centering</name>
			<adept>no</adept>
			<magician>yes</magician>
			<source>SR4</source>
			<page>198</page>
		</metamagic>
		<metamagic>
			<name>Adept Centering</name>
			<adept>yes</adept>
			<magician>no</magician>
			<source>SR4</source>
			<page>198</page>
		</metamagic>
		<metamagic>
			<name>Flexible Signature</name>
			<adept>yes</adept>
			<magician>yes</magician>
			<source>SR4</source>
			<page>198</page>
		</metamagic>
		<metamagic>
			<name>Masking</name>
			<adept>yes</adept>
			<magician>yes</magician>
			<source>SR4</source>
			<page>198</page>
		</metamagic>
		<metamagic>
			<name>Quickening</name>
			<adept>no</adept>
			<magician>yes</magician>
			<bonus>
				<quickeningmetamagic />
			</bonus>
			<source>SR4</source>
			<page>198</page>
		</metamagic>
		<metamagic>
			<name>Shielding</name>
			<adept>no</adept>
			<magician>yes</magician>
			<source>SR4</source>
			<page>198</page>
		</metamagic>
		<metamagic>
			<name>Ally Conjuration</name>
			<adept>no</adept>
			<magician>yes</magician>
			<source>SM</source>
			<page>53</page>
		</metamagic>
		<metamagic>
			<name>Attunement (Animal)</name>
			<adept>yes</adept>
			<magician>no</magician>
			<limit>no</limit>
			<bonus>
				<selecttext />
			</bonus>
			<source>SM</source>
			<page>53</page>
		</metamagic>
		<metamagic>
			<name>Attunement (Item)</name>
			<adept>yes</adept>
			<magician>no</magician>
			<limit>no</limit>
			<bonus>
				<selecttext />
			</bonus>
			<source>SM</source>
			<page>54</page>
		</metamagic>
		<metamagic>
			<name>Channeling</name>
			<adept>no</adept>
			<magician>yes</magician>
			<source>SM</source>
			<page>54</page>
		</metamagic>
		<metamagic>
			<name>Cleansing</name>
			<adept>no</adept>
			<magician>yes</magician>
			<source>SM</source>
			<page>55</page>
		</metamagic>
		<metamagic>
			<name>Cognition</name>
			<adept>yes</adept>
			<magician>no</magician>
			<source>SM</source>
			<page>55</page>
		</metamagic>
		<metamagic>
			<name>Divining</name>
			<adept>yes</adept>
			<magician>yes</magician>
			<source>SM</source>
			<page>56</page>
		</metamagic>
		<metamagic>
			<name>Geomancy</name>
			<adept>no</adept>
			<magician>yes</magician>
			<source>SM</source>
			<page>56</page>
		</metamagic>
		<metamagic>
			<name>Great Ritual</name>
			<adept>no</adept>
			<magician>yes</magician>
			<source>SM</source>
			<page>57</page>
		</metamagic>
		<metamagic>
			<name>Invoking</name>
			<adept>no</adept>
			<magician>yes</magician>
			<source>SM</source>
			<page>57</page>
		</metamagic>
		<metamagic>
			<name>Psychometry</name>
			<adept>yes</adept>
			<magician>yes</magician>
			<source>SM</source>
			<page>57</page>
		</metamagic>
		<metamagic>
			<name>Sensing</name>
			<adept>yes</adept>
			<magician>yes</magician>
			<source>SM</source>
			<page>58</page>
		</metamagic>
		<metamagic>
			<name>Somatic Control</name>
			<adept>yes</adept>
			<magician>no</magician>
			<source>SM</source>
			<page>58</page>
		</metamagic>
		<metamagic>
			<name>Sympathetic Linking</name>
			<adept>no</adept>
			<magician>yes</magician>
			<source>SM</source>
			<page>58</page>
		</metamagic>
		<metamagic>
			<name>Sacrifice</name>
			<adept>yes</adept>
			<magician>yes</magician>
			<source>SM</source>
			<page>139</page>
		</metamagic>
		<metamagic>
			<name>Invoking Blood Spirits</name>
			<adept>no</adept>
			<magician>yes</magician>
			<required>
				<allof>
					<metamagic>Sacrifice</metamagic>
					<metamagic>Invoking</metamagic>
				</allof>
			</required>
			<source>SM</source>
			<page>139</page>
		</metamagic>
		<metamagic>
			<name>Cannibalize</name>
			<adept>yes</adept>
			<magician>no</magician>
			<source>SM</source>
			<page>140</page>
		</metamagic>
		<metamagic>
			<name>Power Bleed</name>
			<adept>yes</adept>
			<magician>no</magician>
			<source>SM</source>
			<page>140</page>
		</metamagic>
		<metamagic>
			<name>Corruption</name>
			<adept>no</adept>
			<magician>yes</magician>
			<source>SM</source>
			<page>143</page>
		</metamagic>
		<metamagic>
			<name>Taint</name>
			<adept>no</adept>
			<magician>yes</magician>
			<source>SM</source>
			<page>143</page>
		</metamagic>
		<metamagic>
			<name>Leeching</name>
			<adept>no</adept>
			<magician>yes</magician>
			<required>
				<allof>
					<metamagic>Geomancy</metamagic>
				</allof>
			</required>
			<source>SM</source>
			<page>143</page>
		</metamagic>
		<metamagic>
			<name>Metamorphosis</name>
			<adept>no</adept>
			<magician>yes</magician>
			<source>SM</source>
			<page>153</page>
		</metamagic>
		<metamagic>
			<name>Synesthesia</name>
			<adept>no</adept>
			<magician>yes</magician>
			<source>SG</source>
			<page>164</page>
		</metamagic>
		<metamagic>
			<name>Spell Masking</name>
			<adept>no</adept>
			<magician>yes</magician>
			<source>SG</source>
			<page>164</page>
		</metamagic>
		<metamagic>
			<name>Delay Spell</name>
			<adept>no</adept>
			<magician>yes</magician>
			<source>SG</source>
			<page>164</page>
		</metamagic>
		<metamagic>
			<name>Inculcate</name>
			<adept>yes</adept>
			<magician>no</magician>
			<source>SG</source>
			<page>164</page>
		</metamagic>
		<metamagic>
			<name>Skin Walker</name>
			<adept>yes</adept>
			<magician>no</magician>
			<required>
				<allof>
					<metamagic>Cannibalize</metamagic>
					<metamagic>Masking</metamagic>
				</allof>
			</required>
			<source>SG</source>
			<page>164</page>
		</metamagic>
		<metamagic>
			<name>Free Spirit Power Point</name>
			<adept>no</adept>
			<magician>yes</magician>
			<bonus>
				<freespiritpowerpoints>1</freespiritpowerpoints>
			</bonus>
			<required>
				<allof>
					<metatype>Free Spirit</metatype>
				</allof>
			</required>
			<source>RC</source>
			<page>92</page>
		</metamagic>
		<metamagic>
			<name>Additional Power Point</name>
			<adept>yes</adept>
			<magician>no</magician>
			<bonus>
				<adeptpowerpoints>1</adeptpowerpoints>
			</bonus>
			<source>SM</source>
			<page>31</page>
		</metamagic>
		<metamagic>
			<name>Absorption</name>
			<adept>no</adept>
			<magician>yes</magician>
			<required>
				<allof>
					<metamagic>Shielding</metamagic>
				</allof>
			</required>
			<source>SM</source>
			<page>59</page>
		</metamagic>
		<metamagic>
			<name>Anchoring</name>
			<adept>no</adept>
			<magician>yes</magician>
			<required>
				<allof>
					<metamagic>Quickening</metamagic>
				</allof>
			</required>
			<source>SM</source>
			<page>59</page>
		</metamagic>
		<metamagic>
			<name>Empower Animal</name>
			<adept>yes</adept>
			<magician>no</magician>
			<bonus>
				<selecttext />
			</bonus>
			<required>
				<allof>
					<metamagic>Attunement (Animal)</metamagic>
				</allof>
			</required>
			<source>SM</source>
			<page>60</page>
		</metamagic>
		<metamagic>
			<name>Extended Masking</name>
			<adept>yes</adept>
			<magician>yes</magician>
			<required>
				<allof>
					<metamagic>Masking</metamagic>
				</allof>
			</required>
			<source>SM</source>
			<page>60</page>
		</metamagic>
		<metamagic>
			<name>Filtering</name>
			<adept>no</adept>
			<magician>yes</magician>
			<required>
				<allof>
					<metamagic>Cleansing</metamagic>
				</allof>
			</required>
			<source>SM</source>
			<page>61</page>
		</metamagic>
		<metamagic>
			<name>Flux</name>
			<adept>yes</adept>
			<magician>yes</magician>
			<required>
				<allof>
					<metamagic>Masking</metamagic>
				</allof>
			</required>
			<source>SM</source>
			<page>61</page>
		</metamagic>
		<metamagic>
			<name>Infusion</name>
			<adept>yes</adept>
			<magician>no</magician>
			<required>
				<allof>
					<metamagic>Adept Centering</metamagic>
				</allof>
			</required>
			<source>SM</source>
			<page>61</page>
		</metamagic>
		<metamagic>
			<name>Reflecting</name>
			<adept>no</adept>
			<magician>yes</magician>
			<required>
				<allof>
					<metamagic>Shielding</metamagic>
				</allof>
			</required>
			<source>SM</source>
			<page>61</page>
		</metamagic>
		<metamagic>
			<name>Dragonspeech</name>
			<adept>yes</adept>
			<magician>yes</magician>
			<required>
				<allof>
					<quality>Drake</quality>
				</allof>
			</required>
			<source>RW</source>
			<page>210</page>
		</metamagic>
		<metamagic>
			<name>Home Advantage</name>
			<adept>no</adept>
			<magician>yes</magician>
			<required>
				<oneof>
					<metamagic>Geomancy</metamagic>
					<metamagic>Geomasonry</metamagic>
				</oneof>
			</required>
			<source>PG</source>
			<page>31</page>
		</metamagic>
		<metamagic>
			<name>Patronage</name>
			<adept>no</adept>
			<magician>yes</magician>
			<required>
				<oneof>
					<metamagic>Geomancy</metamagic>
					<metamagic>Geomasonry</metamagic>
				</oneof>
			</required>
			<source>PG</source>
			<page>31</page>
		</metamagic>
	</metamagics>
</chummer>