<?xml version="1.0" encoding="utf-8"?>
<chummer>
	<version>-925</version>
	<ranges>
		<range>
			<category>Tasers</category>
			<min>0</min>
			<short>5</short>
			<medium>10</medium>
			<long>15</long>
			<extreme>20</extreme>
		</range>
		<range>
			<category>Holdouts</category>
			<min>0</min>
			<short>5</short>
			<medium>15</medium>
			<long>30</long>
			<extreme>50</extreme>
		</range>
		<range>
			<category>Light Pistols</category>
			<min>0</min>
			<short>5</short>
			<medium>15</medium>
			<long>30</long>
			<extreme>50</extreme>
		</range>
		<range>
			<category>Heavy Pistols</category>
			<min>0</min>
			<short>5</short>
			<medium>20</medium>
			<long>40</long>
			<extreme>60</extreme>
		</range>
		<range>
			<category>Machine Pistols</category>
			<min>0</min>
			<short>5</short>
			<medium>15</medium>
			<long>30</long>
			<extreme>50</extreme>
		</range>
		<range>
			<category>Submachine Guns</category>
			<min>0</min>
			<short>10</short>
			<medium>40</medium>
			<long>85</long>
			<extreme>150</extreme>
		</range>
		<range>
			<category>Assault Rifles</category>
			<min>0</min>
			<short>50</short>
			<medium>150</medium>
			<long>350</long>
			<extreme>550</extreme>
		</range>
		<range>
			<category>Shotguns</category>
			<min>0</min>
			<short>10</short>
			<medium>40</medium>
			<long>80</long>
			<extreme>150</extreme>
		</range>
		<range>
			<category>Flechette</category>
			<min>0</min>
			<short>10</short>
			<medium>25</medium>
			<long>40</long>
			<extreme>60</extreme>
		</range>
		<range>
			<category>Sports Rifles</category>
			<min>0</min>
			<short>100</short>
			<medium>250</medium>
			<long>500</long>
			<extreme>750</extreme>
		</range>
		<range>
			<category>Sniper Rifles</category>
			<min>0</min>
			<short>150</short>
			<medium>350</medium>
			<long>800</long>
			<extreme>1500</extreme>
		</range>
		<range>
			<category>Light Machine Guns</category>
			<min>0</min>
			<short>75</short>
			<medium>200</medium>
			<long>400</long>
			<extreme>800</extreme>
		</range>
		<range>
			<category>Medium Machine Guns</category>
			<min>0</min>
			<short>80</short>
			<medium>250</medium>
			<long>750</long>
			<extreme>1200</extreme>
		</range>
		<range>
			<category>Heavy Machine Guns</category>
			<min>0</min>
			<short>80</short>
			<medium>250</medium>
			<long>750</long>
			<extreme>1200</extreme>
		</range>
		<range>
			<category>Assault Cannons</category>
			<min>0</min>
			<short>100</short>
			<medium>300</medium>
			<long>750</long>
			<extreme>1500</extreme>
		</range>
		<range>
			<category>Grenade Launchers</category>
			<min>5</min>
			<short>50</short>
			<medium>100</medium>
			<long>150</long>
			<extreme>500</extreme>
		</range>
		<range>
			<category>Missile Launchers</category>
			<min>20</min>
			<short>70</short>
			<medium>150</medium>
			<long>450</long>
			<extreme>1500</extreme>
		</range>
		<range>
			<category>Mortar Launchers</category>
			<min>150</min>
			<short>300</short>
			<medium>1000</medium>
			<long>4000</long>
			<extreme>6000</extreme>
		</range>
		<range>
			<category>Ballistas</category>
			<min>20</min>
			<short>100</short>
			<medium>500</medium>
			<long>3000</long>
			<extreme>5000</extreme>
		</range>
		<range>
			<category>Bows</category>
			<min>0</min>
			<short>STR</short>
			<medium>STR*10</medium>
			<long>STR*30</long>
			<extreme>STR*60</extreme>
		</range>
		<range>
			<category>Light Crossbows</category>
			<min>0</min>
			<short>6</short>
			<medium>24</medium>
			<long>60</long>
			<extreme>120</extreme>
		</range>
		<range>
			<category>Medium Crossbows</category>
			<min>0</min>
			<short>9</short>
			<medium>36</medium>
			<long>90</long>
			<extreme>150</extreme>
		</range>
		<range>
			<category>Heavy Crossbows</category>
			<min>0</min>
			<short>15</short>
			<medium>45</medium>
			<long>120</long>
			<extreme>180</extreme>
		</range>
		<range>
			<category>Pistol Crossbows</category>
			<min>0</min>
			<short>5</short>
			<medium>15</medium>
			<long>30</long>
			<extreme>50</extreme>
		</range>
		<range>
			<category>Battle Rifles</category>
			<min>0</min>
			<short>100</short>
			<medium>250</medium>
			<long>500</long>
			<extreme>750</extreme>
		</range>
		<range>
			<category>Heavy Mortar</category>
			<min>0</min>
			<short>600</short>
			<medium>1000</medium>
			<long>8000</long>
			<extreme>12000</extreme>
		</range>
		<range>
			<category>Howitzer</category>
			<min>0</min>
			<short>1500</short>
			<medium>8500</medium>
			<long>18000</long>
			<extreme>30000</extreme>
		</range>
		<range>
			<category>Thrown Knife</category>
			<min>0</min>
			<short>STR</short>
			<medium>STR*2</medium>
			<long>STR*3</long>
			<extreme>STR*5</extreme>
		</range>
		<range>
			<category>Shuriken</category>
			<min>0</min>
			<short>STR</short>
			<medium>STR*2</medium>
			<long>STR*5</long>
			<extreme>STR*7</extreme>
		</range>
		<range>
			<category>Grenades</category>
			<min>0</min>
			<short>STR*2</short>
			<medium>STR*4</medium>
			<long>STR*6</long>
			<extreme>STR*10</extreme>
		</range>
		<range>
			<category>Aerodynamic Grenades</category>
			<min>0</min>
			<short>STR*2</short>
			<medium>STR*4</medium>
			<long>STR*8</long>
			<extreme>STR*15</extreme>
		</range>
		<range>
			<category>Blowguns</category>
			<min>0</min>
			<short>BOD</short>
			<medium>BOD*2</medium>
			<long>BOD*3</long>
			<extreme>BOD*4</extreme>
		</range>
	</ranges>
</chummer>