<?xml version="1.0" encoding="utf-8"?>
<chummer>
	<gears>
		<gear>
			<name>Audio Enhancement</name>
			<category>Audio Enhancements</category>
			<rating>3</rating>
			<capacity>[Rating]</capacity>
			<armorcapacity>[1]</armorcapacity>
			<avail>+2</avail>
			<cost>Rating * 100</cost>
			<source>SR4</source>
			<page>333</page>
		</gear>
		<gear>
			<name>Select Sound Filter</name>
			<category>Audio Enhancements</category>
			<rating>3</rating>
			<capacity>[Rating]</capacity>
			<armorcapacity>[1]</armorcapacity>
			<avail>+8</avail>
			<cost>Rating * 200</cost>
			<source>SR4</source>
			<page>333</page>
		</gear>
	</gears>
</chummer>