<?xml version="1.0" encoding="UTF-8"?><data>	<cyberterminals>		<category caption="Core">			<mpcp caption="MPCP" ignore-if-empty="no"/>			<bod caption="Bod" ignore-if-empty="no"/>			<evasion caption="Evasion" ignore-if-empty="no"/>			<masking caption="Masking" ignore-if-empty="no"/>			<sensor caption="Sensor" ignore-if-empty="no"/>			<icon caption="Icon" ignore-if-empty="no"/>			<ASIST caption="ASIST Interface" ignore-if-empty="no"/>			<IO_speed caption="I/O Speed" ignore-if-empty="no"/>		</category>		<category caption="Supportive Firmware">			<hardening caption="Hardening"/>			<ICCM caption="ICCM Biofeedback Filter"/>			<reality_filter caption="Reality Filter"/>			<response_increase caption="Response Increase"/>			<RAS_override caption="RAS Override"/>		</category>		<category caption="Memory">			<active_memory caption="Active Memory"/>			<storage_memory caption="Storage Memory"/>		</category>		<category caption="External Interfaces">			<matrix_interface caption="Matrix Interface"/>			<additional_FUPs caption="Additional FUPs"/>			<cellular_interface caption="Cellular Interface"/>			<laser_interface caption="Laster Interface"/>			<microwave_interface caption="Microwave Interface"/>			<radio_interface caption="Radio Interface"/>			<satellite_interface caption="Satellite Interface"/>			<maser_interface caption="Maser Interface"/>			<signal_amplifier caption="Signal Amplifier"/>			<external_jackpoint caption="External Jackpoint"/>		</category>	</cyberterminals>	<misc_components>	</misc_components></data>